Time Interval,Volume Ξ,Floor Price Ξ
2021-04-30T00:00:00+00:00,0.16,0.16
2021-05-01T00:00:00+00:00,562.8593411062917,0.12
2021-05-02T00:00:00+00:00,1312.4516232603185,0.254546357615894
2021-05-03T00:00:00+00:00,956.7729437204395,0.43
2021-05-04T00:00:00+00:00,290.03214265908053,0.32
2021-05-05T00:00:00+00:00,185.00326937449,0.3
2021-05-06T00:00:00+00:00,134.41327046715278,0.339
2021-05-07T00:00:00+00:00,90.16371057271452,0.30710692307692306
2021-05-08T00:00:00+00:00,67.28164426436643,0.3309
2021-05-09T00:00:00+00:00,74.3627,0.32
2021-05-10T00:00:00+00:00,39.18305945827723,0.25299
2021-05-11T00:00:00+00:00,13.7959,0.24820000000000003
2021-05-12T00:00:00+00:00,21.3877,0.25
2021-05-13T00:00:00+00:00,21.6598,0.29997
2021-05-14T00:00:00+00:00,19.28506684675835,0.28
2021-05-15T00:00:00+00:00,45.38569094924702,0.31
2021-05-16T00:00:00+00:00,67.7277,0.3
2021-05-17T00:00:00+00:00,28.560865708837262,0.3
2021-05-18T00:00:00+00:00,37.14517126909314,0.316
2021-05-19T00:00:00+00:00,28.35904871319447,0.331
2021-05-20T00:00:00+00:00,48.285545271879144,0.34991
2021-05-21T00:00:00+00:00,50.39432771202481,0.2945
2021-05-22T00:00:00+00:00,40.58449055183797,0.35453469008391947
2021-05-23T00:00:00+00:00,36.303447627578,0.35
2021-05-24T00:00:00+00:00,50.987034828934945,0.2518
2021-05-25T00:00:00+00:00,47.6127217995219,0.356
2021-05-26T00:00:00+00:00,35.45592938329406,0.386
2021-05-27T00:00:00+00:00,46.79016861767001,0.391
2021-05-28T00:00:00+00:00,84.73371652346283,0.39992
2021-05-29T00:00:00+00:00,96.07693931260887,0.39992
2021-05-30T00:00:00+00:00,516.492146697712,0.5
2021-05-31T00:00:00+00:00,513.5860109800501,0.725
2021-06-01T00:00:00+00:00,786.4603507818612,0.85
2021-06-02T00:00:00+00:00,399.1537200125262,0.9
2021-06-03T00:00:00+00:00,274.4208842705885,0.89
2021-06-04T00:00:00+00:00,158.57288273866467,0.75
2021-06-05T00:00:00+00:00,432.3322707507253,0.964
2021-06-06T00:00:00+00:00,585.6825124237718,1.184
2021-06-07T00:00:00+00:00,1153.7210451436488,1.507
2021-06-08T00:00:00+00:00,709.817205959617,1.65
2021-06-09T00:00:00+00:00,400.58401258977574,1.546905759162304
2021-06-10T00:00:00+00:00,284.2567226834109,1.3939599999999999
2021-06-11T00:00:00+00:00,291.9080588711111,1.4104999999999999
2021-06-12T00:00:00+00:00,188.7553,1.5
2021-06-13T00:00:00+00:00,292.4958913150932,1.456
2021-06-14T00:00:00+00:00,241.11535575211008,1.5
2021-06-15T00:00:00+00:00,669.0274306630045,1.64
2021-06-16T00:00:00+00:00,512.6066999,1.8
2021-06-17T00:00:00+00:00,760.7240553173074,1.9
2021-06-18T00:00:00+00:00,896.6995086252315,1.9
2021-06-19T00:00:00+00:00,1715.511497639609,2.395
2021-06-20T00:00:00+00:00,2798.6612890201486,3.4
2021-06-21T00:00:00+00:00,1515.8485498983066,3.2035
2021-06-22T00:00:00+00:00,630.9111835613711,3.1950000000000003
2021-06-23T00:00:00+00:00,576.0916553440035,3.2909100000000002
2021-06-24T00:00:00+00:00,658.007381877393,3.392
2021-06-25T00:00:00+00:00,543.5538,3.5
2021-06-26T00:00:00+00:00,539.2347009223619,3.153
2021-06-27T00:00:00+00:00,322.044,2.982
2021-06-28T00:00:00+00:00,237.15282985926117,2.9909000000000003
2021-06-29T00:00:00+00:00,298.85505542453774,2.52
2021-06-30T00:00:00+00:00,234.45032395024572,2.5
2021-07-01T00:00:00+00:00,234.05476363664368,2.56
2021-07-02T00:00:00+00:00,108.126,2.58
2021-07-03T00:00:00+00:00,120.0089,2.5356
2021-07-04T00:00:00+00:00,203.5583,2.6780000000000004
2021-07-05T00:00:00+00:00,175.5518,2.6796800000000003
2021-07-06T00:00:00+00:00,622.7961190144389,2.9160000000000004
2021-07-07T00:00:00+00:00,191.5336,2.89
2021-07-08T00:00:00+00:00,274.5808371715184,2.8
2021-07-09T00:00:00+00:00,591.4724466276633,3.012
2021-07-10T00:00:00+00:00,276.4523709659186,3.099
2021-07-11T00:00:00+00:00,656.2987316409524,3.5
2021-07-12T00:00:00+00:00,778.0039697244375,3.8
2021-07-13T00:00:00+00:00,1023.7603556096087,3.9891
2021-07-14T00:00:00+00:00,936.746987845082,4.469
2021-07-15T00:00:00+00:00,1882.5291870339454,4.9
2021-07-16T00:00:00+00:00,2346.898513489823,5.6739999999999995
2021-07-17T00:00:00+00:00,2604.674393208066,6.768
2021-07-18T00:00:00+00:00,1533.137110857592,5.993
2021-07-19T00:00:00+00:00,697.4458743430368,6.2
2021-07-20T00:00:00+00:00,441.6167,6.17595
2021-07-21T00:00:00+00:00,762.9711117841437,6.73
2021-07-22T00:00:00+00:00,293.37512233432847,6.1
2021-07-23T00:00:00+00:00,336.4097,6.374140000000001
2021-07-24T00:00:00+00:00,239.978525,6.2711
2021-07-25T00:00:00+00:00,363.95675,6.1543
2021-07-26T00:00:00+00:00,392.948,6.15
2021-07-27T00:00:00+00:00,360.2541,6.096139999999999
2021-07-28T00:00:00+00:00,268.1379,6.025
2021-07-29T00:00:00+00:00,160.34,5.388
2021-07-30T00:00:00+00:00,458.15465429386444,5.17
2021-07-31T00:00:00+00:00,1555.2072291174363,6.262
2021-08-01T00:00:00+00:00,3002.9708208735256,7.54142
2021-08-02T00:00:00+00:00,1043.8215918478325,8.1
2021-08-03T00:00:00+00:00,2369.54298023527,8.55
2021-08-04T00:00:00+00:00,6976.603869913228,11.893
2021-08-05T00:00:00+00:00,3047.926684354709,14
2021-08-06T00:00:00+00:00,2378.6099120120084,14.775
2021-08-07T00:00:00+00:00,1842.0374650470078,15.1
2021-08-08T00:00:00+00:00,1938.024,13.894
2021-08-09T00:00:00+00:00,1216.6846,13.816
2021-08-10T00:00:00+00:00,1255.0752371715184,13.42
2021-08-11T00:00:00+00:00,1515.0133821882412,12.996
2021-08-12T00:00:00+00:00,690.2227,12.66
2021-08-13T00:00:00+00:00,734.0303,13.266
2021-08-14T00:00:00+00:00,1122.8830302884473,12.098
2021-08-15T00:00:00+00:00,1036.338831324985,13
2021-08-16T00:00:00+00:00,621.9258,12.799
2021-08-17T00:00:00+00:00,567.5476612918777,14.245000000000001
2021-08-18T00:00:00+00:00,536.697,14.515
2021-08-19T00:00:00+00:00,593.9431,13.28
2021-08-20T00:00:00+00:00,3223.888162946088,16.494
2021-08-21T00:00:00+00:00,6553.379441139556,20
2021-08-22T00:00:00+00:00,1749.5676592194184,22.4
2021-08-23T00:00:00+00:00,5801.791636840383,24.5
2021-08-24T00:00:00+00:00,4775.3427,31
2021-08-25T00:00:00+00:00,3849.911,34.394000000000005
2021-08-26T00:00:00+00:00,4058.3153174091476,35.41
2021-08-27T00:00:00+00:00,2848.8625282898724,38.9612
2021-08-28T00:00:00+00:00,16838.24693338425,42.0276
2021-08-29T00:00:00+00:00,6446.194256374287,38.8103
2021-08-30T00:00:00+00:00,4767.3743719711,43.6
2021-08-31T00:00:00+00:00,2690.0258,44.051
2021-09-01T00:00:00+00:00,3125.98,38
2021-09-02T00:00:00+00:00,2823.249,35.160000000000004
2021-09-03T00:00:00+00:00,2038.9935,40
2021-09-04T00:00:00+00:00,851.8769,35.925
2021-09-05T00:00:00+00:00,3449.757518935535,29.2
2021-09-06T00:00:00+00:00,2789.5934,39.143
2021-09-07T00:00:00+00:00,859.81596,38.106
2021-09-08T00:00:00+00:00,745.7659,39.464760000000005
2021-09-09T00:00:00+00:00,1223.347,37.433
2021-09-10T00:00:00+00:00,1909.2406765976352,32.9
2021-09-11T00:00:00+00:00,439.605,31.65
2021-09-12T00:00:00+00:00,449.18,31.2
2021-09-13T00:00:00+00:00,342.46,31.5
2021-09-14T00:00:00+00:00,680.2595,26.8138
2021-09-15T00:00:00+00:00,1651.6631,35
2021-09-16T00:00:00+00:00,1979.8517,39.73
2021-09-17T00:00:00+00:00,1397.2848371715183,37.027
2021-09-18T00:00:00+00:00,770.436,35.5307
2021-09-19T00:00:00+00:00,364.7069,35.303
2021-09-20T00:00:00+00:00,760.2952,34.4123
2021-09-21T00:00:00+00:00,724.4222605679402,36.985
2021-09-22T00:00:00+00:00,629.6148371715184,38.902
2021-09-23T00:00:00+00:00,705.11,37.1
2021-09-24T00:00:00+00:00,929.711,38
2021-09-25T00:00:00+00:00,500.6930266036124,39.04
2021-09-26T00:00:00+00:00,1130.572028461114,38.5
2021-09-27T00:00:00+00:00,518.815,34.3858
2021-09-28T00:00:00+00:00,725.67,38.95
2021-09-29T00:00:00+00:00,688.6487,37.12
2021-09-30T00:00:00+00:00,1920.37,38.81
2021-10-01T00:00:00+00:00,985.32,39.45
2021-10-02T00:00:00+00:00,1175.2699,40
2021-10-03T00:00:00+00:00,889.24,41
2021-10-04T00:00:00+00:00,1010.9985466846583,40
2021-10-05T00:00:00+00:00,1059.855,37.7392
2021-10-06T00:00:00+00:00,749.181,35.8484
2021-10-07T00:00:00+00:00,587.01,36.176
2021-10-08T00:00:00+00:00,1172.839,35.81
2021-10-09T00:00:00+00:00,754.0569,39.488
2021-10-10T00:00:00+00:00,757.2379,35.905
2021-10-11T00:00:00+00:00,355.98,36.88
2021-10-12T00:00:00+00:00,588.880969,36.207
2021-10-13T00:00:00+00:00,747.44,36.592
2021-10-14T00:00:00+00:00,1056.95,34.234
2021-10-15T00:00:00+00:00,581.899,36.918
2021-10-16T00:00:00+00:00,327.51,34.164
2021-10-17T00:00:00+00:00,297.873,33.6612
2021-10-18T00:00:00+00:00,363.81,32.791000000000004
2021-10-19T00:00:00+00:00,1467.0178,32.563
2021-10-20T00:00:00+00:00,858.6404,31.9926
2021-10-21T00:00:00+00:00,1077.41,28
2021-10-22T00:00:00+00:00,954.3216101214575,29.956999999999997
2021-10-23T00:00:00+00:00,1705.833,33.24
2021-10-24T00:00:00+00:00,466.5,38
2021-10-25T00:00:00+00:00,801.599,34.977
2021-10-26T00:00:00+00:00,494.4999,36.99991
2021-10-27T00:00:00+00:00,825.377,35.5
2021-10-28T00:00:00+00:00,752.444,32.618
2021-10-29T00:00:00+00:00,971.298,35.492000000000004
2021-10-30T00:00:00+00:00,482.78,37.729
2021-10-31T00:00:00+00:00,785.071,33.6006
2021-11-01T00:00:00+00:00,461.7,34
2021-11-02T00:00:00+00:00,714.5854743430368,32.56
2021-11-03T00:00:00+00:00,792.069,31
2021-11-04T00:00:00+00:00,591.2796743430368,32.08
2021-11-05T00:00:00+00:00,635.61,30.8
2021-11-06T00:00:00+00:00,885.6743548387097,31.1
2021-11-07T00:00:00+00:00,559.22,31.56
2021-11-08T00:00:00+00:00,842.232,32.08
2021-11-09T00:00:00+00:00,630.69,28.758
2021-11-10T00:00:00+00:00,965.7336,30.845
2021-11-11T00:00:00+00:00,863.189,30.09
2021-11-12T00:00:00+00:00,2079.4549,33.33
2021-11-13T00:00:00+00:00,4895.394372027844,35
2021-11-14T00:00:00+00:00,3659.1972,41.9613
2021-11-15T00:00:00+00:00,3775.9959,42.112100000000005
2021-11-16T00:00:00+00:00,5473.0365,46
2021-11-17T00:00:00+00:00,3293.6338,49.99
2021-11-18T00:00:00+00:00,3061.237640881779,52.6
2021-11-19T00:00:00+00:00,1616.92569,48.25
2021-11-20T00:00:00+00:00,1077.1567776678687,46.392
2021-11-21T00:00:00+00:00,1145.2542,46.152
2021-11-22T00:00:00+00:00,880.4097,41.907
2021-11-23T00:00:00+00:00,362.89,43.6
2021-11-24T00:00:00+00:00,386.3639999999999,42.29919999999997
2021-11-25T00:00:00+00:00,699.8123,44
2021-11-26T00:00:00+00:00,962.7169,45.494
2021-11-27T00:00:00+00:00,1083.6403486860736,40.9907
2021-11-28T00:00:00+00:00,906.26,46.665
2021-11-29T00:00:00+00:00,1398.47138,49
2021-11-30T00:00:00+00:00,862.3755371715179,43.4094999999997
2021-12-01T00:00:00+00:00,836.93,47.29
2021-12-02T00:00:00+00:00,1061.6994999999997,43.65105
2021-12-03T00:00:00+00:00,1838.615,50
2021-12-04T00:00:00+00:00,1813.8885,51.95
2021-12-05T00:00:00+00:00,851.5421999999999,47.7393
2021-12-06T00:00:00+00:00,820.3809,47.2566
2021-12-07T00:00:00+00:00,853.74,50.4
2021-12-08T00:00:00+00:00,516.009,53.6693
2021-12-09T00:00:00+00:00,1376.2039,49.56138
2021-12-10T00:00:00+00:00,1515.894874343037,52.15
2021-12-11T00:00:00+00:00,1206.4886743430368,50
2021-12-12T00:00:00+00:00,857.88,52.718999999999994
2021-12-13T00:00:00+00:00,1004.951,47.8003
2021-12-14T00:00:00+00:00,1117.7415,50
2021-12-15T00:00:00+00:00,896.941,49.8
2021-12-16T00:00:00+00:00,1408.7277336549414,50.187
2021-12-17T00:00:00+00:00,711.4984102196034,50
2021-12-18T00:00:00+00:00,619.868,48
2021-12-19T00:00:00+00:00,907.60069,49.2
2021-12-20T00:00:00+00:00,400.69,52.013999999999996
2021-12-21T00:00:00+00:00,716.425,51.2
2021-12-22T00:00:00+00:00,1094.39,52.845
2021-12-23T00:00:00+00:00,1312.0238,52.545
2021-12-24T00:00:00+00:00,1151.98,54.345
2021-12-25T00:00:00+00:00,1300.0774,54.745999999999995
2021-12-26T00:00:00+00:00,1621.84,57.25
2021-12-27T00:00:00+00:00,1515.89,59.52
2021-12-28T00:00:00+00:00,2246.3911,59.996
2021-12-29T00:00:00+00:00,1450.5,61.6
2021-12-30T00:00:00+00:00,2718.9986973721475,54.41
2021-12-31T00:00:00+00:00,2623.679674343037,60
2022-01-01T00:00:00+00:00,6518.91,65
2022-01-02T00:00:00+00:00,4987.2899,69
2022-01-03T00:00:00+00:00,4065.7538,73
2022-01-04T00:00:00+00:00,1814.7609,69.753
2022-01-05T00:00:00+00:00,1640.7299,51.400000000000006
2022-01-06T00:00:00+00:00,2119.9801406433494,65.785
2022-01-07T00:00:00+00:00,1978.5277,67.94
2022-01-08T00:00:00+00:00,1611.4,68.45
2022-01-09T00:00:00+00:00,4423.92,70.6
2022-01-10T00:00:00+00:00,2946.66,77.82
2022-01-11T00:00:00+00:00,1720.5534959618421,77.972
2022-01-12T00:00:00+00:00,1630.809,75.36
2022-01-13T00:00:00+00:00,1344,85.6
2022-01-14T00:00:00+00:00,1724.55,74.938
2022-01-15T00:00:00+00:00,3097.42,79
2022-01-16T00:00:00+00:00,2497.29,83.84
2022-01-17T00:00:00+00:00,686.099,74.56700000000001
2022-01-18T00:00:00+00:00,1457.07,77.45
2022-01-19T00:00:00+00:00,1167.2365858216747,85.55
2022-01-20T00:00:00+00:00,2138.41,82.099
2022-01-21T00:00:00+00:00,1906.47,81.8
2022-01-22T00:00:00+00:00,2358.9069,79.768
2022-01-23T00:00:00+00:00,1734.797,84.98
2022-01-24T00:00:00+00:00,2686.9169,57.30200000000001
2022-01-25T00:00:00+00:00,3364.76,93.96000000000001
2022-01-26T00:00:00+00:00,1540.9769,97.19883
2022-01-27T00:00:00+00:00,3231.6243929108373,54.150000000000006
2022-01-28T00:00:00+00:00,4561.6329,49.52
2022-01-29T00:00:00+00:00,5450.0391,98.54
2022-01-30T00:00:00+00:00,7508.0889,106.74000000000001
2022-01-31T00:00:00+00:00,7429.228,113.23700000000001
2022-02-01T00:00:00+00:00,3377.93,116.96000000000001
2022-02-02T00:00:00+00:00,1463.19,95.6
2022-02-03T00:00:00+00:00,1847.14,98.2
2022-02-04T00:00:00+00:00,2131.212,99.21
2022-02-05T00:00:00+00:00,1698.42,92.5
2022-02-06T00:00:00+00:00,1184.78,97
2022-02-07T00:00:00+00:00,1473.529,106.9
2022-02-08T00:00:00+00:00,785.84,98.14
2022-02-09T00:00:00+00:00,1061.72,97.485
2022-02-10T00:00:00+00:00,721.29,90.996
2022-02-11T00:00:00+00:00,726.09,90.62
2022-02-12T00:00:00+00:00,1397.59,94.595
2022-02-13T00:00:00+00:00,1709.43,100.75
2022-02-14T00:00:00+00:00,386.99,90.197
2022-02-15T00:00:00+00:00,1205.26,89.69
2022-02-16T00:00:00+00:00,847.1799,94.98993
2022-02-17T00:00:00+00:00,582.162,83.1505
2022-02-18T00:00:00+00:00,1215.02,86.5
2022-02-19T00:00:00+00:00,216.5,107.65
2022-02-20T00:00:00+00:00,699.8147411111111,58.14142233333334
2022-02-21T00:00:00+00:00,781.3165,88.99095
2022-02-22T00:00:00+00:00,697.49,90.2
2022-02-23T00:00:00+00:00,785.43,85.55799999999999
2022-02-24T00:00:00+00:00,1941.6977,73.65
2022-02-25T00:00:00+00:00,3452.47161,74.96000000000001
2022-02-26T00:00:00+00:00,1181.06,89.87
2022-02-27T00:00:00+00:00,822.19,77.6
2022-02-28T00:00:00+00:00,532.39,81.995
2022-03-01T00:00:00+00:00,594.888,87.944
2022-03-02T00:00:00+00:00,864.48,83.69
2022-03-03T00:00:00+00:00,362.4,82.83
2022-03-04T00:00:00+00:00,890.6469,83.441
2022-03-05T00:00:00+00:00,530,82.5
2022-03-06T00:00:00+00:00,308,83.2
2022-03-07T00:00:00+00:00,2051.3342,68.198
2022-03-08T00:00:00+00:00,2141.8554,68
2022-03-09T00:00:00+00:00,788.94,74.9
2022-03-10T00:00:00+00:00,148.19,73.619
2022-03-11T00:00:00+00:00,913.349,72.88199999999999
2022-03-12T00:00:00+00:00,3140.1945858216745,74.5
2022-03-13T00:00:00+00:00,3333.0942,86.85
2022-03-14T00:00:00+00:00,844.95,83.107
2022-03-15T00:00:00+00:00,1142.08,88
2022-03-16T00:00:00+00:00,5384.6099,92
2022-03-17T00:00:00+00:00,16691.43746530591,85
2022-03-18T00:00:00+00:00,5032.757,85.75
2022-03-19T00:00:00+00:00,4652.7588,94.752
2022-03-20T00:00:00+00:00,2346.814413616875,96.33070000000001
2022-03-21T00:00:00+00:00,1402.2676,87.79456
2022-03-22T00:00:00+00:00,1751.22,101.495
2022-03-23T00:00:00+00:00,1982.266835,104.4
2022-03-24T00:00:00+00:00,1957.7869,101.8
2022-03-25T00:00:00+00:00,2202.6088,104.12
2022-03-26T00:00:00+00:00,1469.0052,103.02
2022-03-27T00:00:00+00:00,1363.79,102.82
2022-03-28T00:00:00+00:00,1839.419,105.5
2022-03-29T00:00:00+00:00,1220.14,99
2022-03-30T00:00:00+00:00,1249.58,104.75
2022-03-31T00:00:00+00:00,1767.235966969904,108.93
2022-04-01T00:00:00+00:00,1151.64,101.8
2022-04-02T00:00:00+00:00,571.333,112.0999
2022-04-03T00:00:00+00:00,1050.4431716433492,88.62329291083729
2022-04-04T00:00:00+00:00,984.43920303,99.371840606
2022-04-05T00:00:00+00:00,1238.477101,109.7859101
2022-04-06T00:00:00+00:00,1171.7506716433493,88.62329291083729
2022-04-07T00:00:00+00:00,928.1365858216745,88.62329291083729
2022-04-08T00:00:00+00:00,869.2475858216746,88.62329291083729
2022-04-09T00:00:00+00:00,573.6789,103.80734
2022-04-10T00:00:00+00:00,827.2222,110.25
2022-04-11T00:00:00+00:00,843.99,108
2022-04-12T00:00:00+00:00,938.7,109.804
2022-04-13T00:00:00+00:00,1132.593,115.42060000000001
2022-04-14T00:00:00+00:00,569.9,108.2
2022-04-15T00:00:00+00:00,603.18,109.2
2022-04-16T00:00:00+00:00,924.9931716433492,88.62329291083729
2022-04-17T00:00:00+00:00,315,102.8
2022-04-18T00:00:00+00:00,1068.866,97.5538
2022-04-19T00:00:00+00:00,3535.03,109.85
2022-04-20T00:00:00+00:00,3096.6169,120
2022-04-21T00:00:00+00:00,1407.25,120
2022-04-22T00:00:00+00:00,1258.0481716433492,88.62329291083729
2022-04-23T00:00:00+00:00,1865.33,128.533
2022-04-24T00:00:00+00:00,3409.5138,136.55662
2022-04-25T00:00:00+00:00,2449.01,139.5
2022-04-26T00:00:00+00:00,1490.39,138.8
2022-04-27T00:00:00+00:00,1532.409,141.345
2022-04-28T00:00:00+00:00,1896.6212929108374,145
2022-04-29T00:00:00+00:00,4807.801159069531,145
2022-04-30T00:00:00+00:00,6369.73,152.47
2022-05-01T00:00:00+00:00,10746.054171101414,130
2022-05-02T00:00:00+00:00,3156.47,115
2022-05-03T00:00:00+00:00,2144.39,105
2022-05-04T00:00:00+00:00,7450.943957465024,108.32000000000001
2022-05-05T00:00:00+00:00,1827.7931716433493,88.62329291083729
2022-05-06T00:00:00+00:00,1280,100
2022-05-07T00:00:00+00:00,945.7,105.7
2022-05-08T00:00:00+00:00,989.3515,104.6
2022-05-09T00:00:00+00:00,2909.53,88.518
2022-05-10T00:00:00+00:00,2952.89,91.6
2022-05-11T00:00:00+00:00,1702.18,88.975
2022-05-12T00:00:00+00:00,2031.17,88
2022-05-13T00:00:00+00:00,3047.2941929108374,91.938
2022-05-14T00:00:00+00:00,699.9,95
2022-05-15T00:00:00+00:00,708,105.4
2022-05-16T00:00:00+00:00,930.38,99.4
2022-05-17T00:00:00+00:00,923.8657,96
2022-05-18T00:00:00+00:00,1512.2069,98.05
2022-05-19T00:00:00+00:00,1381.06369,90.20416900000001
2022-05-20T00:00:00+00:00,901.5605631718154,95.974
2022-05-21T00:00:00+00:00,1039.159,95.2
2022-05-22T00:00:00+00:00,464.49,90.643
2022-05-23T00:00:00+00:00,385.7,93.46
2022-05-24T00:00:00+00:00,198.75,94.875
2022-05-25T00:00:00+00:00,675.09,90.55
2022-05-26T00:00:00+00:00,1590.499000101,85.4356000004
2022-05-27T00:00:00+00:00,798.0890000001,87.92670000003
2022-05-28T00:00:00+00:00,715.69,90.776
2022-05-29T00:00:00+00:00,1465.5,80.4
2022-05-30T00:00:00+00:00,480.73,81.146
2022-05-31T00:00:00+00:00,3289.7469,86.77807
2022-06-01T00:00:00+00:00,1704.978,89.6
2022-06-02T00:00:00+00:00,582,88.8
2022-06-03T00:00:00+00:00,723.7371126,83.70744504
2022-06-04T00:00:00+00:00,724,90.6
2022-06-05T00:00:00+00:00,188.7345,91.86104999999999
2022-06-06T00:00:00+00:00,1417.14,106
2022-06-07T00:00:00+00:00,1283.49,94.9
2022-06-08T00:00:00+00:00,440.68,99.17999999999999
2022-06-09T00:00:00+00:00,574.96,90
2022-06-10T00:00:00+00:00,730.190625,85.58825
2022-06-11T00:00:00+00:00,957.3554,88.55
2022-06-12T00:00:00+00:00,946.577,87.571
2022-06-13T00:00:00+00:00,3374.8727253713823,70
2022-06-14T00:00:00+00:00,3400.258456,81.7
2022-06-15T00:00:00+00:00,2582.047,78.6409
2022-06-16T00:00:00+00:00,1363.9,83.22
2022-06-17T00:00:00+00:00,1560.3671,81.81924
2022-06-18T00:00:00+00:00,1272.63,82.46000000000001
2022-06-19T00:00:00+00:00,1443.3863,86.88
2022-06-20T00:00:00+00:00,1887.6581,90.7
2022-06-21T00:00:00+00:00,1749.5131,82.0574
2022-06-22T00:00:00+00:00,1273.71,82.81
2022-06-23T00:00:00+00:00,655.5888,83.12
2022-06-24T00:00:00+00:00,647.1799,86.928
2022-06-25T00:00:00+00:00,938.4,90.862
2022-06-26T00:00:00+00:00,1474.3985,88.9
2022-06-27T00:00:00+00:00,1114.72,91.99
2022-06-28T00:00:00+00:00,791.5,92.9
2022-06-29T00:00:00+00:00,391.5,93.2
2022-06-30T00:00:00+00:00,607.085,91.54249999999999
2022-07-01T00:00:00+00:00,1201.21,94.55
2022-07-02T00:00:00+00:00,582,97.6
2022-07-03T00:00:00+00:00,561.964,87.955
2022-07-04T00:00:00+00:00,632.5,93.5
2022-07-05T00:00:00+00:00,499.5,100.85
2022-07-06T00:00:00+00:00,881.57,91.128
2022-07-07T00:00:00+00:00,1355.66,92.991
2022-07-08T00:00:00+00:00,1250.48,92.146
2022-07-09T00:00:00+00:00,1112,94.99
2022-07-10T00:00:00+00:00,756.6,97.92
2022-07-11T00:00:00+00:00,202,97.8
2022-07-12T00:00:00+00:00,594.3737,99.54
2022-07-13T00:00:00+00:00,1746.2,97.047
2022-07-14T00:00:00+00:00,235,104.3
2022-07-15T00:00:00+00:00,229,102.1
2022-07-16T00:00:00+00:00,115,115
2022-07-17T00:00:00+00:00,495.5407,91.36764
2022-07-18T00:00:00+00:00,599.1994,94.5
2022-07-19T00:00:00+00:00,463.7809,89.4934
2022-07-20T00:00:00+00:00,204.9111,95.53111
2022-07-21T00:00:00+00:00,848.802400000002,86.12648000000159
2022-07-22T00:00:00+00:00,662.7398,85.25
2022-07-23T00:00:00+00:00,276.89,88.18
2022-07-24T00:00:00+00:00,260.4269,122.38421
2022-07-25T00:00:00+00:00,682.2012,80.01007
2022-07-26T00:00:00+00:00,170,81.8
2022-07-27T00:00:00+00:00,233.351,76.33019999999999
2022-07-28T00:00:00+00:00,331.99,81.036
2022-07-29T00:00:00+00:00,431.11999,77.872
2022-07-30T00:00:00+00:00,429.209,82.8
2022-07-31T00:00:00+00:00,172.5,86.05
2022-08-01T00:00:00+00:00,578.5190486090825,77.767619443633
2022-08-02T00:00:00+00:00,374.6867,77.68069
2022-08-03T00:00:00+00:00,194.71,80.839
2022-08-04T00:00:00+00:00,543.39,80.85
2022-08-05T00:00:00+00:00,665.69001,77.1
2022-08-06T00:00:00+00:00,279.9,79.38
2022-08-07T00:00:00+00:00,358.8,79.147
2022-08-08T00:00:00+00:00,86,86
2022-08-09T00:00:00+00:00,525.403,84.1065
2022-08-10T00:00:00+00:00,129.69,129.69
2022-08-11T00:00:00+00:00,238.88,94.99199999999999
2022-08-12T00:00:00+00:00,80,80
2022-08-13T00:00:00+00:00,252.8,79.36
2022-08-14T00:00:00+00:00,262.89,73.56
2022-08-15T00:00:00+00:00,444.4,72.06
2022-08-16T00:00:00+00:00,493.9331,75.91255000000001
2022-08-17T00:00:00+00:00,1417.4807,70.80037999999999
2022-08-18T00:00:00+00:00,521.1243055555555,73.56215277777775
2022-08-19T00:00:00+00:00,729.73,64.7
2022-08-20T00:00:00+00:00,763.07,66.42099999999999
2022-08-21T00:00:00+00:00,939.6,63.400000000000006
2022-08-22T00:00:00+00:00,538.549000001,62.904300000300005
2022-08-23T00:00:00+00:00,440.49,65.5
2022-08-24T00:00:00+00:00,617.94,67.172
2022-08-25T00:00:00+00:00,906.8999,76.8
2022-08-26T00:00:00+00:00,475.8989,78
2022-08-27T00:00:00+00:00,426.39,76.2
2022-08-28T00:00:00+00:00,329.2,79.294
2022-08-29T00:00:00+00:00,189.99,82.991
2022-08-30T00:00:00+00:00,348.68,74.897
2022-08-31T00:00:00+00:00,881.01,176.989
2022-09-01T00:00:00+00:00,130,130
2022-09-02T00:00:00+00:00,241.35,77.928
2022-09-03T00:00:00+00:00,79.69,79.69
2022-09-04T00:00:00+00:00,87.5,87.5
2022-09-05T00:00:00+00:00,357.49,80.367
2022-09-06T00:00:00+00:00,156.5,76.85
2022-09-07T00:00:00+00:00,157,77.3
2022-09-08T00:00:00+00:00,536.22001,71.000006
2022-09-09T00:00:00+00:00,391.6718,74.34872
2022-09-10T00:00:00+00:00,290.18989,68.14997
2022-09-11T00:00:00+00:00,552.99,71
2022-09-12T00:00:00+00:00,171.99,74.791
2022-09-13T00:00:00+00:00,72.5,72.5
2022-09-14T00:00:00+00:00,283.99,90.592
2022-09-15T00:00:00+00:00,216.68,68.752
2022-09-16T00:00:00+00:00,225.53401,69.6272
2022-09-17T00:00:00+00:00,633.7831,72.22564
2022-09-18T00:00:00+00:00,501.7,69.4
2022-09-19T00:00:00+00:00,411.8,75.8
2022-09-20T00:00:00+00:00,694.76,74.483
2022-09-21T00:00:00+00:00,241.003,70.2024
2022-09-22T00:00:00+00:00,264.69,78.752
2022-09-23T00:00:00+00:00,720.96,77.35
2022-09-24T00:00:00+00:00,590.8,80.5
2022-09-25T00:00:00+00:00,522.77,80.69
2022-09-26T00:00:00+00:00,543,85
2022-09-27T00:00:00+00:00,393.3,90
2022-09-28T00:00:00+00:00,183.5,85.95
2022-09-29T00:00:00+00:00,244.99,79.098
2022-09-30T00:00:00+00:00,98,98
2022-10-01T00:00:00+00:00,777,777
2022-10-02T00:00:00+00:00,158.99,74.291
2022-10-03T00:00:00+00:00,235,70.806
2022-10-04T00:00:00+00:00,84,84
2022-10-05T00:00:00+00:00,173.2,75.72
2022-10-06T00:00:00+00:00,460.072,73.2432
2022-10-07T00:00:00+00:00,241.575,74.58
2022-10-08T00:00:00+00:00,377.61,70.666
2022-10-09T00:00:00+00:00,306.7388,70.255
2022-10-10T00:00:00+00:00,245,76.2
2022-10-11T00:00:00+00:00,467.3575,70.92500000000001
2022-10-12T00:00:00+00:00,515.52,70.056
2022-10-13T00:00:00+00:00,582.58,70.858
2022-10-14T00:00:00+00:00,226.6,71.67999999999999
2022-10-15T00:00:00+00:00,231.69,73.352
2022-10-16T00:00:00+00:00,152.11,73.147
2022-10-17T00:00:00+00:00,88,88
2022-10-18T00:00:00+00:00,155.52,74.368
2022-10-19T00:00:00+00:00,355.001,75.06700000000001
2022-10-20T00:00:00+00:00,415.72,71.6
2022-10-21T00:00:00+00:00,504.39,74.87
2022-10-22T00:00:00+00:00,224.78,69.146
2022-10-23T00:00:00+00:00,87,87
2022-10-25T00:00:00+00:00,684.1227,72.79
2022-10-26T00:00:00+00:00,416.17,77
2022-10-27T00:00:00+00:00,227,72.6
2022-10-28T00:00:00+00:00,223.78,74.036
2022-10-29T00:00:00+00:00,211.3367,67.86936
2022-10-30T00:00:00+00:00,146.49,71.441
2022-10-31T00:00:00+00:00,193.12,62.696
2022-11-01T00:00:00+00:00,578.4216,70.44
2022-11-02T00:00:00+00:00,197.05,63.739999999999995
2022-11-03T00:00:00+00:00,129.4444,64.49996
2022-11-05T00:00:00+00:00,138,69
2022-11-06T00:00:00+00:00,78,78
2022-11-07T00:00:00+00:00,1092.23,68.25
2022-11-08T00:00:00+00:00,406.531,63.3005
2022-11-09T00:00:00+00:00,911.4046,60.93
2022-11-10T00:00:00+00:00,799.5173,58.1
2022-11-11T00:00:00+00:00,1025.6222,57.875
2022-11-12T00:00:00+00:00,770.75,57.756
2022-11-13T00:00:00+00:00,286.1868,53.55
2022-11-14T00:00:00+00:00,702.3396,47.952
2022-11-15T00:00:00+00:00,1267.9349,48.9508
2022-11-16T00:00:00+00:00,501.90999,58.673
2022-11-17T00:00:00+00:00,906.339,55.885
2022-11-18T00:00:00+00:00,238.9532,68.94856
2022-11-19T00:00:00+00:00,151,71.9
2022-11-20T00:00:00+00:00,111.1415,54.74735
2022-11-21T00:00:00+00:00,667.77,54.991
2022-11-22T00:00:00+00:00,766.008,56.994
2022-11-23T00:00:00+00:00,268.15,60.72
2022-11-24T00:00:00+00:00,1129.634,64.75
2022-11-25T00:00:00+00:00,69.6969,69.6969
2022-11-26T00:00:00+00:00,1053.2383,65.4
2022-11-27T00:00:00+00:00,362.99,68.9
2022-11-28T00:00:00+00:00,270.2145,67.10105
2022-11-29T00:00:00+00:00,481.5074,66.285
2022-12-01T00:00:00+00:00,214.6901,30.60703
2022-12-02T00:00:00+00:00,146,70.6
2022-12-03T00:00:00+00:00,81,81
2022-12-04T00:00:00+00:00,280.4,64.2
2022-12-05T00:00:00+00:00,65.003,65.003
2022-12-06T00:00:00+00:00,505.0766065,65.0390039
2022-12-08T00:00:00+00:00,442.5942,64.45500000000001
2022-12-09T00:00:00+00:00,203.5553,66.16
2022-12-10T00:00:00+00:00,238.2,75.2
2022-12-11T00:00:00+00:00,291.1589,69.82276
2022-12-12T00:00:00+00:00,297.01,67.507
2022-12-13T00:00:00+00:00,299.8147,71.75609
2022-12-14T00:00:00+00:00,133.2937,65.05905
2022-12-15T00:00:00+00:00,305.39,68.773
2022-12-16T00:00:00+00:00,288.1795,65.193
2022-12-17T00:00:00+00:00,1506.50054999999,64.69287
2022-12-18T00:00:00+00:00,103,38.3
2022-12-20T00:00:00+00:00,194.091,64.268
2022-12-21T00:00:00+00:00,499.6053,66.644
2022-12-22T00:00:00+00:00,623.79,68.8
2022-12-23T00:00:00+00:00,892.4096,71.5032
2022-12-24T00:00:00+00:00,120,58.4
2022-12-25T00:00:00+00:00,89,89
2022-12-26T00:00:00+00:00,260.3,72.64
2022-12-27T00:00:00+00:00,844.1037,75
2022-12-28T00:00:00+00:00,323.19,78.44
2022-12-29T00:00:00+00:00,505.39,75.85
2022-12-30T00:00:00+00:00,70.07,70.07
2022-12-31T00:00:00+00:00,142.06,70.254
2023-01-01T00:00:00+00:00,489.3764,75.3046
2023-01-02T00:00:00+00:00,409.62321,75.736246
2023-01-27T00:00:00+00:00,331.89845085570477,55.316408475950794
